"Date/Time (UTC)","RAAN","Inclination","Arg of Perigee","SMA","Eccentricity"
"2023-12-20 16:44:29",124.7821,54.8575,116.6909,20183.107,0.0027306
"2023-12-21 16:38:06",124.7426,54.8581,116.6738,20183.102,0.0027266
"2023-12-22 19:56:30",124.6974,54.8581,116.6821,20183.085,0.0027245
"2023-12-23 19:50:05",124.6577,54.8577,116.65,20183.063,0.0027222
"2023-12-24 17:03:42",124.6222,54.8578,116.5983,20183.046,0.0027202
"2023-12-25 16:57:17",124.5822,54.8579,116.5853,20183.03,0.0027198
"2023-12-26 16:50:54",124.5422,54.8576,116.5868,20183.016,0.0027196
"2023-12-27 16:44:29",124.5021,54.8577,116.6018,20183.003,0.0027184
"2023-12-28 16:38:06",124.4621,54.858,116.626,20182.999,0.0027162
"2023-12-29 19:56:30",124.4166,54.8585,116.6817,20182.992,0.0027135
"2023-12-30 19:50:05",124.3769,54.8593,116.7123,20182.992,0.0027102
"2023-12-31 17:03:42",124.3416,54.8598,116.7223,20182.998,0.0027068
"2024-01-01 16:57:17",124.302,54.8605,116.7565,20182.994,0.0027045
"2024-01-02 16:50:54",124.2625,54.8613,116.7973,20182.995,0.0027031
"2024-01-03 16:44:29",124.2231,54.862,116.8487,20182.996,0.0027022
"2024-01-04 16:38:06",124.1836,54.8624,116.9129,20182.991,0.0027009
"2024-01-05 19:56:30",124.1385,54.8628,117.0247,20182.983,0.0027002
"2024-01-06 19:50:05",124.0989,54.863,117.1063,20182.977,0.0026976
"2024-01-07 17:03:42",124.0638,54.8631,117.156,20182.978,0.0026939
"2024-01-08 16:57:17",124.0239,54.8629,117.2288,20182.968,0.0026894
"2024-01-09 16:50:54",123.9839,54.8627,117.2901,20182.959,0.0026848
"2024-01-11 16:38:06",123.9034,54.8629,117.3792,20182.954,0.0026787
"2024-01-12 19:56:30",123.8575,54.863,117.4407,20182.943,0.0026769
"2024-01-13 19:50:05",123.8174,54.8639,117.4668,20182.944,0.002675
"2024-01-14 17:03:42",123.7818,54.8648,117.46,20182.954,0.002673
"2024-01-15 16:57:17",123.7421,54.866,117.4644,20182.956,0.0026697
"2024-01-16 16:50:54",123.7026,54.8667,117.4525,20182.954,0.0026653
"2024-01-17 16:44:29",123.6631,54.8672,117.4236,20182.947,0.0026605
"2024-01-18 16:38:06",123.6236,54.8676,117.3817,20182.939,0.0026561
"2024-01-19 19:56:30",123.5782,54.8677,117.3716,20182.911,0.0026522
"2024-01-20 19:50:05",123.5384,54.8674,117.3289,20182.89,0.0026504
"2024-01-21 17:03:42",123.5029,54.8671,117.2697,20182.881,0.0026491
"2024-01-22 16:57:17",123.4628,54.867,117.2559,20182.862,0.0026478
"2024-01-23 16:50:54",123.4227,54.867,117.2573,20182.851,0.002646
"2024-01-24 16:44:29",123.3827,54.8671,117.2696,20182.844,0.0026433
"2024-01-25 16:38:06",123.3427,54.8677,117.2878,20182.839,0.00264
"2024-01-26 19:56:30",123.2974,54.8684,117.3285,20182.833,0.0026351
"2024-01-27 19:50:05",123.2578,54.869,117.3492,20182.835,0.0026313
"2024-01-28 17:03:42",123.2224,54.8699,117.3563,20182.831,0.0026293
"2024-01-29 16:57:17",123.1828,54.8704,117.3839,20182.833,0.002627
"2024-01-30 16:50:54",123.1434,54.8713,117.42,20182.83,0.0026255
"2024-01-31 16:44:29",123.1039,54.8718,117.4673,20182.827,0.0026247
"2024-02-01 16:38:06",123.0645,54.8721,117.5254,20182.824,0.0026233
"2024-02-02 19:56:30",123.0195,54.8721,117.612,20182.819,0.0026192
"2024-02-03 19:50:05",122.9797,54.8724,117.6811,20182.811,0.0026162
"2024-02-04 17:03:42",122.9441,54.8721,117.7293,20182.802,0.0026129
"2024-02-05 16:57:17",122.9041,54.8718,117.7793,20182.791,0.0026084
"2024-02-06 16:50:54",122.8639,54.8719,117.8173,20182.784,0.0026042
"2024-02-07 16:44:29",122.8237,54.8718,117.8454,20182.781,0.002601
"2024-02-08 16:38:06",122.7833,54.8722,117.8665,20182.778,0.0025987
"2024-02-09 19:56:30",122.7376,54.8731,117.8874,20182.787,0.0025956
"2024-02-10 19:50:05",122.6975,54.8739,117.8929,20182.793,0.002593
"2024-02-11 17:03:42",122.6622,54.875,117.8904,20182.781,0.0025913
"2024-02-12 16:57:17",122.6226,54.8761,117.8683,20182.779,0.0025869
"2024-02-13 16:50:54",122.583,54.8766,117.8268,20182.774,0.0025825
"2024-02-14 16:44:29",122.5434,54.8771,117.7691,20182.765,0.0025781
"2024-02-15 16:38:06",122.5038,54.8774,117.7023,20182.749,0.0025747
"2024-02-16 19:56:30",122.4585,54.877,117.6415,20182.737,0.0025706
"2024-02-17 19:50:05",122.4185,54.8766,117.5902,20182.714,0.0025692
"2024-02-18 17:03:42",122.3826,54.8768,117.5581,20182.698,0.0025692
"2024-02-19 16:57:17",122.3425,54.8765,117.5392,20182.68,0.0025678
"2024-02-20 16:50:54",122.3024,54.8767,117.5344,20182.672,0.0025649
"2024-02-21 16:44:29",122.2624,54.8773,117.5377,20182.665,0.0025611
"2024-02-22 16:38:06",122.2225,54.8779,117.5437,20182.66,0.0025572
"2024-02-23 19:56:30",122.1771,54.8786,117.5385,20182.671,0.0025521
"2024-02-24 19:50:05",122.1375,54.8797,117.5456,20182.672,0.0025486
"2024-02-25 17:03:42",122.1024,54.8802,117.5754,20182.657,0.0025475
"2024-02-26 16:57:17",122.063,54.8808,117.5959,20182.655,0.002546
"2024-02-27 16:50:54",122.0235,54.8816,117.627,20182.655,0.002545
"2024-02-28 16:44:29",121.9841,54.8821,117.6695,20182.65,0.0025436
"2024-02-29 16:38:06",121.9445,54.8824,117.7195,20182.645,0.0025422
"2024-03-01 19:56:30",121.8994,54.8825,117.7538,20182.645,0.0025375
"2024-03-02 19:50:05",121.8596,54.8823,117.8061,20182.631,0.0025339
"2024-03-03 17:03:42",121.8239,54.8822,117.865,20182.616,0.0025308
"2024-03-04 16:57:17",121.7837,54.8823,117.892,20182.605,0.0025267
"2024-03-05 16:50:54",121.7435,54.8823,117.9064,20182.6,0.0025239
"2024-03-06 16:44:29",121.7032,54.8827,117.9122,20182.601,0.0025215
"2024-03-07 16:38:06",121.663,54.8834,117.911,20182.602,0.00252
"2024-03-08 19:56:30",121.6173,54.8848,117.8755,20182.621,0.0025169
"2024-03-09 19:50:05",121.5774,54.8859,117.8527,20182.623,0.0025142
"2024-03-10 17:03:42",121.5422,54.8866,117.8447,20182.61,0.0025111
"2024-03-11 16:57:17",121.5027,54.8872,117.7916,20182.607,0.0025075
"2024-03-12 16:50:54",121.4631,54.8881,117.7217,20182.592,0.0025035
"2024-03-13 16:44:29",121.4234,54.8881,117.639,20182.579,0.002501
"2024-03-14 16:38:06",121.3836,54.8882,117.5545,20182.562,0.002499
"2024-03-15 19:56:30",121.338,54.888,117.4483,20182.54,0.0024973
"2024-03-16 19:50:05",121.298,54.8878,117.3912,20182.525,0.0024968
"2024-03-17 17:03:42",121.2623,54.8882,117.3715,20182.514,0.0024971
"2024-03-18 16:57:17",121.2222,54.8882,117.3441,20182.502,0.0024957
"2024-03-19 16:50:54",121.1821,54.8888,117.3261,20182.496,0.0024932
"2024-03-20 16:44:29",121.1422,54.8895,117.3126,20182.491,0.0024897
"2024-03-21 16:38:06",121.1025,54.8901,117.3005,20182.487,0.0024867
"2024-03-22 19:56:30",121.0573,54.8913,117.2576,20182.488,0.0024836
"2024-03-23 19:50:05",121.0177,54.8924,117.2508,20182.49,0.0024819
"2024-03-24 17:03:42",120.9825,54.8927,117.2829,20182.487,0.0024819
"2024-03-25 16:57:17",120.9431,54.8936,117.2998,20182.482,0.0024817
"2024-03-26 16:50:54",120.9037,54.894,117.3287,20182.478,0.0024821
"2024-03-27 16:44:29",120.8643,54.8945,117.3675,20182.478,0.0024816
"2024-03-28 16:38:06",120.8247,54.8948,117.4099,20182.471,0.0024802
"2024-03-29 19:56:30",120.7794,54.8947,117.4072,20182.455,0.002477
"2024-03-30 19:50:05",120.7395,54.8947,117.438,20182.441,0.0024742
"2024-03-31 17:03:42",120.704,54.8948,117.4848,20182.441,0.0024719
"2024-04-01 16:57:17",120.6638,54.895,117.4857,20182.433,0.0024696
"2024-04-02 16:50:54",120.6236,54.895,117.4753,20182.428,0.0024687
"2024-04-03 16:44:29",120.5834,54.8959,117.4581,20182.432,0.0024681
"2024-04-04 16:38:06",120.5433,54.8967,117.4344,20182.436,0.0024678
"2024-04-05 19:56:30",120.4982,54.8985,117.3631,20182.441,0.0024672
"2024-04-06 19:50:05",120.4585,54.8994,117.3133,20182.444,0.0024653
"2024-04-07 17:03:42",120.423,54.9,117.2838,20182.443,0.0024622
"2024-04-08 16:57:17",120.3835,54.9008,117.203,20182.431,0.00246
"2024-04-09 16:50:54",120.3439,54.9013,117.11,20182.416,0.0024583
"2024-04-10 16:44:29",120.3041,54.9011,117.013,20182.395,0.0024577
"2024-04-11 16:38:06",120.2642,54.9013,116.9216,20182.377,0.0024581
"2024-04-12 19:56:30",120.2184,54.9012,116.8021,20182.347,0.0024592
"2024-04-13 19:50:05",120.1784,54.9012,116.7447,20182.333,0.0024607
"2024-04-14 17:03:42",120.1428,54.9013,116.7337,20182.332,0.0024604
"2024-04-15 16:57:17",120.1028,54.9019,116.6992,20182.326,0.00246
"2024-04-16 16:50:54",120.0629,54.9026,116.6692,20182.321,0.0024589
"2024-04-17 16:44:29",120.0231,54.9032,116.6416,20182.319,0.0024573
"2024-04-18 16:38:06",119.9834,54.904,116.6168,20182.314,0.0024561
"2024-04-19 19:56:30",119.9385,54.9054,116.5668,20182.311,0.0024568
"2024-04-20 19:50:05",119.8991,54.9062,116.5563,20182.312,0.0024575
"2024-04-21 17:03:42",119.8638,54.9069,116.5874,20182.308,0.0024577
"2024-04-22 16:57:17",119.8245,54.9074,116.6078,20182.305,0.0024595
"2024-04-23 16:50:54",119.7851,54.908,116.6406,20182.3,0.0024603
"2024-04-24 16:44:29",119.7456,54.9084,116.6787,20182.296,0.0024609
"2024-04-25 16:38:06",119.706,54.9085,116.7148,20182.289,0.00246
"2024-04-26 19:56:30",119.6607,54.9083,116.7083,20182.275,0.0024599
"2024-04-27 19:50:05",119.6207,54.9081,116.72,20182.264,0.0024586
"2024-04-28 17:03:42",119.585,54.9082,116.7386,20182.26,0.0024571
"2024-04-29 16:57:17",119.5448,54.9083,116.722,20182.256,0.0024577
"2024-04-30 16:50:54",119.5047,54.9089,116.697,20182.252,0.0024587
"2024-05-01 16:44:29",119.4646,54.9098,116.6654,20182.259,0.0024605
"2024-05-02 16:38:06",119.4249,54.9111,116.6274,20182.263,0.0024617
"2024-05-03 19:56:30",119.3798,54.9123,116.5671,20182.279,0.0024635
"2024-05-04 19:50:05",119.3403,54.9133,116.5008,20182.277,0.0024628
"2024-05-05 17:03:42",119.3051,54.9141,116.424,20182.264,0.0024602
"2024-05-06 16:57:17",119.2655,54.9143,116.3298,20182.246,0.0024599
"2024-05-07 16:50:54",119.2258,54.9146,116.2294,20182.225,0.0024602
"2024-05-08 16:44:29",119.1859,54.9143,116.1316,20182.205,0.0024621
"2024-05-09 16:38:06",119.1458,54.9143,116.0451,20182.189,0.002465
"2024-05-10 19:56:30",119.1003,54.914,115.9649,20182.167,0.0024695
"2024-05-11 19:50:05",119.0602,54.9145,115.9141,20182.159,0.0024715
"2024-05-12 17:03:42",119.0244,54.9149,115.8737,20182.15,0.0024717
"2024-05-13 16:57:17",118.9845,54.9153,115.8403,20182.147,0.0024727
"2024-05-14 16:50:54",118.9447,54.9163,115.8099,20182.145,0.0024727
"2024-05-15 16:44:29",118.9051,54.9169,115.781,20182.142,0.0024735
"2024-05-16 16:38:06",118.8656,54.9179,115.7573,20182.138,0.0024748
"2024-05-17 19:56:30",118.8206,54.9186,115.7544,20182.148,0.0024786
"2024-05-18 19:50:05",118.7813,54.9195,115.7532,20182.141,0.0024814
"2024-05-19 17:03:42",118.7462,54.92,115.7502,20182.127,0.0024833
"2024-05-20 16:57:17",118.7068,54.9206,115.7786,20182.123,0.0024861
"2024-05-21 16:50:54",118.6673,54.9208,115.8151,20182.12,0.002488
"2024-05-22 16:44:29",118.6278,54.921,115.8521,20182.116,0.0024891
"2024-05-23 16:38:06",118.588,54.9213,115.8817,20182.108,0.0024892
"2024-05-24 19:56:30",118.5428,54.9208,115.9098,20182.101,0.002491
"2024-05-25 19:50:05",118.5028,54.9207,115.9099,20182.094,0.0024921
"2024-05-26 17:03:42",118.4667,54.9211,115.8824,20182.083,0.0024931
"2024-05-27 16:57:17",118.4266,54.9214,115.8613,20182.077,0.0024961
"2024-05-28 16:50:54",118.3865,54.922,115.8336,20182.081,0.0024995
"2024-05-29 16:44:29",118.3467,54.9228,115.7995,20182.088,0.0025028
"2024-05-30 16:38:06",118.307,54.9242,115.7566,20182.093,0.002505
"2024-05-31 19:56:30",118.2619,54.9251,115.7321,20182.11,0.0025075
"2024-06-01 19:50:05",118.2226,54.9258,115.659,20182.106,0.0025083
"2024-06-02 17:03:42",118.1875,54.9265,115.5422,20182.082,0.0025081
"2024-06-03 16:57:17",118.1478,54.9265,115.4462,20182.064,0.0025098
"2024-06-04 16:50:54",118.108,54.9263,115.3511,20182.045,0.0025131
"2024-06-05 16:44:29",118.0679,54.9262,115.267,20182.02,0.0025169
"2024-06-06 16:38:06",118.0278,54.9262,115.1995,20182.005,0.0025213
"2024-06-07 19:56:30",117.9822,54.9256,115.1725,20181.989,0.0025269
"2024-06-08 19:50:05",117.9421,54.9262,115.1365,20181.983,0.0025302
"2024-06-09 17:03:42",117.9065,54.9269,115.0901,20181.983,0.0025321
"2024-06-10 16:57:17",117.8667,54.9277,115.0672,20181.982,0.0025341
"2024-06-11 16:50:54",117.827,54.9285,115.0465,20181.975,0.002536
"2024-06-12 16:44:29",117.7875,54.929,115.0297,20181.973,0.0025384
"2024-06-13 16:38:06",117.748,54.9298,115.0208,20181.971,0.0025421
"2024-06-14 19:56:30",117.703,54.9305,115.059,20181.974,0.0025469
"2024-06-14 19:56:30",117.703,54.9305,115.059,20181.974,0.0025469
"2024-06-15 19:50:05",117.6636,54.9312,115.0775,20181.967,0.0025518
"2024-06-16 17:03:42",117.6286,54.9317,115.0806,20181.964,0.0025557
"2024-06-17 16:57:17",117.5891,54.9319,115.1198,20181.958,0.0025596
"2024-06-18 16:50:54",117.5496,54.9321,115.1613,20181.948,0.0025617
"2024-06-19 16:44:29",117.5099,54.9321,115.197,20181.943,0.0025633
"2024-06-20 16:38:06",117.4701,54.932,115.2216,20181.936,0.0025649
"2024-06-21 19:56:30",117.4242,54.9315,115.2649,20181.92,0.0025677
"2024-06-22 19:50:05",117.3841,54.9314,115.2653,20181.915,0.0025703
"2024-06-23 17:03:42",117.3484,54.9322,115.2379,20181.921,0.0025742
"2024-06-24 16:57:17",117.3082,54.9325,115.2282,20181.923,0.0025786
"2024-06-25 16:50:54",117.2682,54.9334,115.2122,20181.924,0.0025834
"2024-06-26 16:44:29",117.2284,54.9343,115.1861,20181.929,0.0025877
"2024-06-27 16:38:06",117.1888,54.9352,115.1453,20181.933,0.0025904
"2024-06-28 19:56:30",117.1438,54.9364,115.1242,20181.931,0.0025928
"2024-06-29 19:50:05",117.1042,54.9366,115.0501,20181.922,0.0025947
"2024-06-30 17:03:42",117.0691,54.9371,114.9316,20181.916,0.0025973
"2024-07-01 16:57:17",117.0294,54.9369,114.8462,20181.894,0.0026011
"2024-07-02 16:50:54",116.9895,54.9368,114.7717,20181.873,0.0026059
"2024-07-03 16:44:29",116.9494,54.9364,114.7147,20181.853,0.0026112
"2024-07-04 16:38:06",116.9092,54.9365,114.6763,20181.836,0.0026166
"2024-07-05 19:56:30",116.8633,54.9365,114.6838,20181.811,0.0026217
"2024-07-06 19:50:05",116.8234,54.9371,114.669,20181.808,0.002625
"2024-07-07 17:03:42",116.7879,54.9378,114.635,20181.815,0.0026279
"2024-07-08 16:57:17",116.7482,54.9385,114.6286,20181.815,0.0026308
"2024-07-09 16:50:54",116.7086,54.9394,114.6254,20181.813,0.0026341
"2024-07-10 16:44:29",116.6691,54.9401,114.6287,20181.812,0.0026384
"2024-07-11 16:38:06",116.6296,54.9409,114.6424,20181.806,0.0026437
"2024-07-12 19:56:30",116.5848,54.9416,114.7018,20181.798,0.0026483
"2024-07-13 19:50:05",116.5453,54.942,114.743,20181.788,0.0026537
"2024-07-14 17:03:42",116.5101,54.942,114.7631,20181.789,0.0026593
"2024-07-15 16:57:17",116.4706,54.9422,114.8137,20181.783,0.0026628
"2024-07-16 16:50:54",116.4309,54.9421,114.8599,20181.777,0.0026654
"2024-07-17 16:44:29",116.3911,54.9423,114.8966,20181.768,0.0026675
"2024-07-18 16:38:06",116.3511,54.9419,114.9219,20181.764,0.00267
"2024-07-19 19:56:30",116.3053,54.9421,114.9672,20181.743,0.0026725
"2024-07-20 19:50:05",116.2651,54.942,114.9764,20181.74,0.0026769
"2024-07-21 17:03:42",116.2292,54.9428,114.9627,20181.75,0.0026824
"2024-07-22 16:57:17",116.1891,54.9435,114.9659,20181.752,0.0026877
"2024-07-23 16:50:54",116.1491,54.9442,114.9606,20181.756,0.0026919
"2024-07-24 16:44:29",116.1094,54.9454,114.9404,20181.755,0.0026956
"2024-07-25 16:38:06",116.0698,54.9462,114.9013,20181.758,0.0026983
"2024-07-26 19:56:30",116.0249,54.9472,114.865,20181.752,0.0026995
"2024-07-27 19:50:05",115.9853,54.9475,114.7984,20181.743,0.0027024
"2024-07-28 17:03:42",115.95,54.9476,114.7109,20181.725,0.0027082
"2024-07-29 16:57:17",115.91,54.9473,114.6472,20181.709,0.002713
"2024-07-30 16:50:54",115.87,54.9473,114.6002,20181.686,0.0027188
"2024-07-31 16:44:29",115.8298,54.947,114.5728,20181.669,0.0027246
"2024-08-01 16:38:06",115.7896,54.9471,114.5628,20181.659,0.0027294
"2024-08-02 19:56:30",115.744,54.9477,114.5758,20181.647,0.0027319
"2024-08-03 19:50:05",115.7041,54.9483,114.5815,20181.646,0.0027348
"2024-08-04 17:03:42",115.6686,54.9489,114.5887,20181.642,0.0027388
"2024-08-05 16:57:17",115.629,54.9498,114.6002,20181.64,0.002742
"2024-08-06 16:50:54",115.5895,54.9507,114.6166,20181.639,0.0027462
"2024-08-07 16:44:29",115.55,54.9516,114.6421,20181.635,0.0027509
"2024-08-08 16:38:06",115.5106,54.9523,114.6788,20181.632,0.0027566
"2024-08-09 19:56:30",115.4657,54.953,114.7254,20181.632,0.0027605
"2024-08-10 19:50:05",115.4263,54.9533,114.786,20181.622,0.0027654
"2024-08-11 17:03:42",115.391,54.9534,114.8577,20181.609,0.002771
"2024-08-12 16:57:17",115.3512,54.9535,114.9183,20181.603,0.0027741
"2024-08-13 16:50:54",115.3114,54.9535,114.9709,20181.593,0.0027767
"2024-08-14 16:44:29",115.2714,54.9533,115.013,20181.587,0.0027793
"2024-08-15 16:38:06",115.2313,54.9533,115.0454,20181.581,0.0027823
"2024-08-16 19:56:30",115.1855,54.9536,115.0649,20181.581,0.0027847
"2024-08-17 19:50:05",115.1452,54.954,115.0851,20181.58,0.0027894
"2024-08-18 17:03:42",115.1094,54.9547,115.1163,20181.581,0.0027952
"2024-08-19 16:57:17",115.0694,54.9557,115.1269,20181.581,0.0027998
"2024-08-20 16:50:54",115.0296,54.9569,115.1254,20181.585,0.0028034
"2024-08-21 16:44:29",114.99,54.9578,115.1071,20181.587,0.0028065
"2024-08-22 16:38:06",114.9505,54.9586,115.0716,20181.585,0.0028087
"2024-08-23 19:56:30",114.9053,54.9593,114.9975,20181.586,0.0028101
"2024-08-24 19:50:05",114.8657,54.9596,114.9455,20181.568,0.0028139
"2024-08-25 17:03:42",114.8302,54.9596,114.9181,20181.549,0.0028206
"2024-08-26 16:57:17",114.7902,54.9596,114.8821,20181.529,0.0028259
"2024-08-27 16:50:54",114.75,54.9596,114.864,20181.511,0.0028317
"2024-08-28 16:44:29",114.7098,54.9595,114.8633,20181.497,0.0028366
"2024-08-29 16:38:06",114.6697,54.96,114.8751,20181.485,0.0028399
"2024-08-30 19:56:30",114.624,54.9608,114.8708,20181.487,0.0028415
"2024-08-31 19:50:05",114.5842,54.9617,114.8911,20181.484,0.0028438
"2024-09-01 17:03:42",114.549,54.9624,114.9374,20181.479,0.0028472
"2024-09-02 16:57:17",114.5094,54.9634,114.9662,20181.479,0.0028508
"2024-09-03 16:50:54",114.47,54.9641,115.0035,20181.475,0.0028549
"2024-09-04 16:44:29",114.4306,54.9647,115.0516,20181.468,0.00286
"2024-09-05 16:38:06",114.3912,54.9656,115.1113,20181.464,0.0028652
"2024-09-06 19:56:30",114.3461,54.9661,115.144,20181.464,0.0028684
"2024-09-07 19:50:05",114.3066,54.9663,115.2194,20181.455,0.0028723
"2024-09-08 17:03:42",114.2714,54.9663,115.3238,20181.448,0.0028761
"2024-09-09 16:57:17",114.2316,54.9665,115.3912,20181.438,0.0028778
"2024-09-10 16:50:54",114.1917,54.9667,115.4478,20181.428,0.0028799
"2024-09-11 16:44:29",114.1516,54.9666,115.4938,20181.422,0.002882
"2024-09-12 16:38:06",114.1115,54.9668,115.5315,20181.417,0.002885
"2024-09-13 19:56:30",114.0656,54.9675,115.533,20181.411,0.0028876
"2024-09-14 19:50:05",114.0255,54.9685,115.5605,20181.418,0.0028919
"2024-09-15 17:03:42",113.9898,54.9691,115.6094,20181.428,0.0028957
"2024-09-16 16:57:17",113.9499,54.97,115.6212,20181.43,0.0028987
"2024-09-17 16:50:54",113.9102,54.9711,115.6183,20181.433,0.0029007
"2024-09-18 16:44:29",113.8706,54.9723,115.5991,20181.428,0.0029023
"2024-09-19 16:38:06",113.8311,54.973,115.5661,20181.421,0.002904
"2024-09-20 19:56:30",113.7858,54.9735,115.4802,20181.406,0.0029064
"2024-09-21 19:50:05",113.746,54.9735,115.4443,20181.389,0.0029101
"2024-09-22 17:03:42",113.7105,54.9735,115.4539,20181.382,0.0029148
"2024-09-23 16:57:17",113.6704,54.9737,115.4431,20181.363,0.0029197
"2024-09-24 16:50:54",113.6303,54.9739,115.4485,20181.35,0.0029237
"2024-09-25 16:44:29",113.5901,54.9742,115.4657,20181.337,0.0029266
"2024-09-26 16:38:06",113.5501,54.9749,115.4897,20181.329,0.0029285
"2024-09-27 19:56:30",113.5047,54.976,115.4841,20181.32,0.0029294
"2024-09-28 19:50:05",113.465,54.9768,115.5131,20181.319,0.0029312
"2024-09-29 17:03:42",113.4296,54.9776,115.5762,20181.325,0.0029325
"2024-09-30 16:57:17",113.3901,54.9785,115.6202,20181.321,0.0029351
"2024-10-01 16:50:54",113.3507,54.9793,115.6757,20181.321,0.0029387
"2024-10-02 16:44:29",113.3114,54.98,115.7437,20181.314,0.0029429
"2024-10-03 16:38:06",113.272,54.9805,115.8226,20181.311,0.0029462
"2024-10-04 19:56:30",113.227,54.9811,115.8678,20181.3,0.0029494
"2024-10-05 19:50:05",113.1874,54.9812,115.9523,20181.288,0.0029514
"2024-10-06 17:03:42",113.1521,54.9814,116.0635,20181.287,0.0029513
"2024-10-07 16:57:17",113.1123,54.9813,116.1329,20181.28,0.0029516
"2024-10-08 16:50:54",113.0723,54.9814,116.1902,20181.268,0.0029523
"2024-10-09 16:44:29",113.0322,54.9815,116.237,20181.265,0.002954
"2024-10-10 16:38:06",112.992,54.9821,116.2772,20181.261,0.002956
"2024-10-11 19:56:30",112.9464,54.9827,116.2867,20181.26,0.0029598
"2024-10-12 19:50:05",112.9065,54.9841,116.318,20181.269,0.0029622
"2024-10-13 17:03:42",112.8708,54.9849,116.3595,20181.275,0.0029631
"2024-10-14 16:57:17",112.8311,54.9861,116.3698,20181.283,0.0029637
"2024-10-15 16:50:54",112.7915,54.9874,116.3643,20181.282,0.0029638
"2024-10-16 16:44:29",112.752,54.9881,116.3441,20181.273,0.002964
"2024-10-17 16:38:06",112.7124,54.9885,116.3147,20181.26,0.0029643
"2024-10-18 19:56:30",112.667,54.9889,116.2551,20181.244,0.0029679
"2024-10-19 19:50:05",112.6271,54.9888,116.2308,20181.226,0.0029702
"2024-10-20 17:03:42",112.5913,54.9888,116.2401,20181.214,0.0029718
"2024-10-21 16:57:17",112.5511,54.9889,116.2472,20181.197,0.0029744
"2024-10-22 16:50:54",112.511,54.9894,116.2677,20181.188,0.0029761
"2024-10-23 16:44:29",112.4709,54.9899,116.2964,20181.179,0.0029767
"2024-10-24 16:38:06",112.431,54.9908,116.3289,20181.175,0.0029767
"2024-10-25 19:56:30",112.3858,54.9918,116.3558,20181.18,0.0029777
"2024-10-26 19:50:05",112.3462,54.9928,116.3937,20181.18,0.0029781
"2024-10-27 17:03:42",112.311,54.9936,116.4388,20181.166,0.0029779
"2024-10-28 16:57:17",112.2716,54.9946,116.4958,20181.164,0.0029791
"2024-10-29 16:50:54",112.2322,54.9953,116.5651,20181.162,0.0029814
"2024-10-30 16:44:29",112.1928,54.9958,116.6464,20181.16,0.0029833
"2024-10-31 16:38:06",112.1534,54.9963,116.7358,20181.155,0.0029843
"2024-11-01 19:56:30",112.1085,54.9963,116.8243,20181.152,0.002986
"2024-11-02 19:50:05",112.0689,54.9965,116.9092,20181.143,0.0029853
"2024-11-03 17:03:42",112.0333,54.9968,116.9819,20181.13,0.0029825
"2024-11-04 16:57:17",111.9933,54.9968,117.0475,20181.123,0.0029814
"2024-11-05 16:50:54",111.9532,54.997,117.1015,20181.113,0.0029808
"2024-11-06 16:44:29",111.9131,54.9973,117.1465,20181.109,0.002981
"2024-11-07 16:38:06",111.873,54.9977,117.1854,20181.109,0.0029821
"2024-11-08 19:56:30",111.8275,54.9986,117.2316,20181.13,0.0029851
"2024-11-09 19:50:05",111.7877,55,117.2617,20181.137,0.0029856
"2024-11-10 17:03:42",111.7525,55.001,117.2617,20181.131,0.0029838
"2024-11-11 16:57:17",111.713,55.0019,117.2656,20181.136,0.0029826
"2024-11-12 16:50:54",111.6735,55.003,117.2543,20181.132,0.0029804
"2024-11-13 16:44:29",111.6339,55.0035,117.2304,20181.121,0.0029788
"2024-11-14 16:38:06",111.5941,55.0037,117.2008,20181.102,0.0029782
"2024-11-15 19:56:30",111.5488,55.0034,117.1885,20181.091,0.0029801
"2024-11-16 19:50:05",111.5087,55.0033,117.1707,20181.07,0.0029812
"2024-11-17 17:03:42",111.4726,55.0039,117.155,20181.055,0.0029812
"2024-11-18 16:57:17",111.4324,55.0042,117.1712,20181.044,0.0029815
"2024-11-19 16:50:54",111.3922,55.0047,117.1988,20181.038,0.0029808
"2024-11-20 16:44:29",111.3523,55.0054,117.2326,20181.032,0.0029791
"2024-11-21 16:38:06",111.3125,55.0064,117.2687,20181.03,0.0029773
"2024-11-22 19:56:30",111.2673,55.0073,117.3312,20181.039,0.0029768
"2024-11-23 19:50:05",111.2278,55.0081,117.3763,20181.038,0.0029759
"2024-11-24 17:03:42",111.1928,55.0088,117.4069,20181.024,0.0029753
"2024-11-25 16:57:17",111.1535,55.0096,117.4718,20181.022,0.0029758
"2024-11-26 16:50:54",111.1141,55.0103,117.5487,20181.015,0.0029758
"2024-11-27 16:44:29",111.0747,55.0107,117.6343,20181.011,0.0029755
"2024-11-28 16:38:06",111.0352,55.0111,117.7238,20181.004,0.0029738
"2024-11-29 19:56:30",110.9901,55.0107,117.8365,20181.003,0.0029722
"2024-11-30 19:50:05",110.9504,55.0107,117.9132,20180.991,0.0029692
"2024-12-01 17:03:42",110.9148,55.0114,117.9596,20180.984,0.0029661
"2024-12-02 16:57:17",110.8748,55.0113,118.0155,20180.976,0.0029635
"2024-12-03 16:50:54",110.8347,55.0117,118.062,20180.973,0.0029624
"2024-12-04 16:44:29",110.7945,55.0121,118.1027,20180.971,0.0029618
"2024-12-05 16:38:06",110.7545,55.0126,118.139,20180.971,0.0029615
"2024-12-06 19:56:30",110.709,55.0138,118.1977,20180.986,0.0029615
"2024-12-07 19:50:05",110.6693,55.0147,118.2215,20180.997,0.0029596
"2024-12-08 17:03:42",110.6342,55.0159,118.2051,20180.996,0.002957
"2024-12-09 16:57:17",110.5948,55.0165,118.1946,20180.996,0.0029536
"2024-12-10 16:50:54",110.5553,55.0171,118.1686,20180.99,0.0029501
"2024-12-11 16:44:29",110.5156,55.0174,118.1339,20180.974,0.0029472
"2024-12-12 16:38:06",110.4758,55.0174,118.0996,20180.956,0.0029458
"2024-12-13 19:56:30",110.4298,55.017,118.1048,20180.931,0.0029457
"2024-12-14 19:50:05",110.3896,55.0167,118.0936,20180.913,0.002945
"2024-12-15 17:03:42",110.354,55.0174,118.0797,20180.912,0.0029439
"2024-12-16 16:57:17",110.3138,55.018,118.1014,20180.903,0.0029417
"2024-12-17 16:50:54",110.2738,55.0188,118.131,20180.901,0.0029391
"2024-12-18 16:44:29",110.2339,55.0196,118.1641,20180.899,0.0029359
"2024-12-19 16:38:06",110.1943,55.0203,118.1993,20180.892,0.0029327
"2024-12-20 19:56:30",110.1492,55.0217,118.2643,20180.894,0.0029302
"2024-12-21 19:50:05",110.1097,55.0225,118.3121,20180.887,0.0029289
"2024-12-23 16:57:17",110.0353,55.0235,118.416,20180.879,0.0029273
"2024-12-24 16:50:54",109.9958,55.0238,118.4936,20180.873,0.0029256
"2024-12-25 16:44:29",109.9564,55.0242,118.5751,20180.869,0.0029234
"2024-12-26 16:38:06",109.9168,55.0244,118.0852,20183.438,0.0030125
"2024-12-27 19:56:30",109.8713,55.0241,118.1814,20183.422,0.0030079
"2024-12-28 19:50:05",109.8314,55.0243,118.2386,20183.415,0.003004
"2024-12-29 17:03:42",109.7961,55.0243,118.2647,20183.416,0.0030002
"2024-12-30 16:57:17",109.756,55.0245,118.3037,20183.411,0.0029976
"2024-12-31 16:50:54",109.7157,55.0248,118.3378,20183.411,0.0029959
"2025-01-01 16:44:29",109.6756,55.0252,118.3689,20183.41,0.0029942
"2025-01-02 16:38:06",109.6356,55.0262,118.3948,20183.413,0.0029929
"2025-01-03 19:56:30",109.5903,55.0276,118.4313,20183.422,0.0029897
"2025-01-04 19:50:05",109.5507,55.0288,118.4349,20183.432,0.0029863
"2025-01-05 17:03:42",109.5155,55.0295,118.4017,20183.429,0.0029828
"2025-01-06 16:57:17",109.476,55.0301,118.3663,20183.43,0.0029784
"2025-01-07 16:50:54",109.4365,55.0304,118.3184,20183.419,0.002975
"2025-01-08 16:44:29",109.3968,55.0302,118.2687,20183.399,0.0029722
"2025-01-09 16:38:06",109.3568,55.03,118.2269,20183.383,0.0029708
"2025-01-10 19:56:30",109.3108,55.0299,118.2233,20183.353,0.002969
"2025-01-11 19:50:05",109.2706,55.0301,118.2134,20183.335,0.0029673
"2025-01-12 17:03:42",109.2348,55.0305,118.2044,20183.333,0.0029657
"2025-01-13 16:57:17",109.1947,55.0311,118.2199,20183.327,0.0029625
"2025-01-14 16:50:54",109.1548,55.0322,118.2395,20183.327,0.0029587
"2025-01-15 16:44:29",109.1148,55.0329,118.2652,20183.327,0.002955
"2025-01-16 16:38:06",109.0752,55.0341,118.2844,20183.321,0.002952
"2025-01-17 19:56:30",109.0303,55.0351,118.3251,20183.32,0.0029483
"2025-01-18 19:50:05",108.9909,55.0359,118.3651,20183.316,0.0029468
"2025-01-19 17:03:42",108.9557,55.0362,118.4089,20183.304,0.0029467
"2025-01-20 16:57:17",108.9162,55.0368,118.4677,20183.298,0.0029454
"2025-01-21 16:50:54",108.8767,55.037,118.5319,20183.292,0.0029432
"2025-01-22 16:44:29",108.8371,55.0371,118.5959,20183.284,0.0029396
"2025-01-23 16:38:06",108.7974,55.037,118.6533,20183.274,0.0029355
"2025-01-24 19:56:30",108.752,55.0369,118.7103,20183.265,0.0029302
"2025-01-26 17:03:42",108.6761,55.0373,118.7687,20183.252,0.0029242
"2025-01-27 16:57:17",108.6359,55.0376,118.7881,20183.25,0.0029219
"2025-01-28 16:50:54",108.5957,55.0383,118.8041,20183.247,0.00292
"2025-01-29 16:44:29",108.5556,55.0389,118.8158,20183.251,0.0029185
"2025-01-30 16:38:06",108.5157,55.0398,118.8197,20183.254,0.002916
"2025-01-31 19:56:30",108.4703,55.0413,118.803,20183.273,0.0029109
"2025-02-01 19:50:05",108.4308,55.0421,118.7755,20183.277,0.0029067
"2025-02-02 17:03:42",108.3958,55.043,118.7401,20183.262,0.0029041
"2025-02-03 16:57:17",108.3563,55.0435,118.6777,20183.255,0.0029002
"2025-02-04 16:50:54",108.3165,55.0436,118.6091,20183.245,0.0028978
"2025-02-05 16:44:29",108.2766,55.0438,118.5459,20183.225,0.0028964
"2025-02-06 16:38:06",108.2364,55.0435,118.4975,20183.206,0.002895
"2025-02-07 19:56:30",108.1906,55.0433,118.464,20183.19,0.0028923
"2025-02-08 19:50:05",108.1503,55.0437,118.4503,20183.177,0.00289
"2025-02-09 17:03:42",108.1145,55.0446,118.4572,20183.167,0.0028876
"2025-02-10 16:57:17",108.0745,55.0452,118.4607,20183.163,0.0028836
"2025-02-11 16:50:54",108.0348,55.0462,118.4663,20183.163,0.0028797
"2025-02-12 16:44:29",107.9951,55.0474,118.4739,20183.16,0.0028761
"2025-02-13 16:38:06",107.9557,55.0484,118.486,20183.156,0.002874
"2025-02-14 19:56:30",107.9106,55.0492,118.4868,20183.163,0.0028711
"2025-02-15 19:50:05",107.8712,55.0501,118.5187,20183.154,0.00287
"2025-02-16 17:03:42",107.8362,55.0502,118.5811,20183.141,0.0028699
"2025-02-17 16:57:17",107.7967,55.0507,118.6302,20183.129,0.0028681
"2025-02-18 16:50:54",107.7571,55.0509,118.6806,20183.119,0.0028654
"2025-02-19 16:44:29",107.7173,55.0508,118.7258,20183.108,0.0028617
"2025-02-20 16:38:06",107.6775,55.0512,118.761,20183.098,0.0028576
"2025-02-21 19:56:30",107.6319,55.0509,118.7665,20183.095,0.0028528
"2025-02-22 19:50:05",107.5918,55.0511,118.7795,20183.09,0.0028497
"2025-02-23 17:03:42",107.556,55.0518,118.7982,20183.083,0.0028485
"2025-02-24 16:57:17",107.5159,55.0522,118.7971,20183.085,0.0028469
"2025-02-25 16:50:54",107.4757,55.053,118.7917,20183.089,0.0028458
"2025-02-26 16:44:29",107.4357,55.0542,118.7795,20183.092,0.0028435
"2025-02-27 16:38:06",107.3959,55.0552,118.7544,20183.091,0.0028408
"2025-02-28 19:56:30",107.3506,55.0567,118.6784,20183.107,0.0028367
"2025-03-01 19:50:05",107.3111,55.0578,118.6158,20183.101,0.0028328
"2025-03-02 17:03:42",107.276,55.0579,118.5667,20183.095,0.0028303
"2025-03-03 16:57:17",107.2364,55.0584,118.4817,20183.083,0.0028287
"2025-03-04 16:50:54",107.1966,55.0587,118.3999,20183.07,0.0028277
"2025-03-05 16:44:29",107.1565,55.0585,118.3302,20183.05,0.0028278
"2025-03-06 16:38:06",107.1163,55.0586,118.2781,20183.036,0.0028273
"2025-03-07 19:56:30",107.0703,55.0589,118.2177,20183.014,0.0028256
"2025-03-08 19:50:05",107.0302,55.0598,118.1948,20183.005,0.0028237
"2025-03-09 17:03:42",106.9946,55.0603,118.1968,20183.006,0.0028211
"2025-03-10 16:57:17",106.9547,55.0612,118.1824,20183.002,0.002818
"2025-03-11 16:50:54",106.9151,55.0624,118.1714,20183.001,0.0028153
"2025-03-12 16:44:29",106.8756,55.0635,118.1664,20182.997,0.0028135
"2025-03-13 16:38:06",106.8363,55.0645,118.1712,20182.992,0.0028127
"2025-03-14 19:56:30",106.7914,55.0655,118.1522,20182.985,0.0028122
"2025-03-15 19:50:05",106.752,55.0662,118.1796,20182.978,0.0028124
"2025-03-16 17:03:42",106.7169,55.0662,118.2461,20182.974,0.0028121
"2025-03-17 16:57:17",106.6773,55.0667,118.2852,20182.962,0.0028107
"2025-03-18 16:50:54",106.6377,55.0667,118.3195,20182.953,0.0028089
"2025-03-19 16:44:29",106.5979,55.067,118.3442,20182.939,0.0028062
"2025-03-20 16:38:06",106.558,55.0671,118.3562,20182.931,0.0028035
"2025-03-21 19:56:30",106.5123,55.0672,118.3247,20182.912,0.0028015
"2025-03-22 19:50:05",106.4723,55.0675,118.3161,20182.909,0.0028006
"2025-03-23 17:03:42",106.4366,55.0681,118.325,20182.919,0.0028001
"2025-03-24 16:57:17",106.3965,55.0691,118.3052,20182.921,0.0028004
"2025-03-25 16:50:54",106.3566,55.0702,118.2799,20182.929,0.0028
"2025-03-26 16:44:29",106.3168,55.0714,118.2436,20182.934,0.0027991
"2025-03-27 16:38:06",106.2771,55.0724,118.1909,20182.936,0.0027972
"2025-03-28 19:56:30",106.2322,55.0737,118.0814,20182.934,0.0027959
"2025-03-29 19:50:05",106.1926,55.0745,117.9906,20182.927,0.002794
"2025-03-30 17:03:42",106.1573,55.075,117.9262,20182.919,0.0027921
"2025-03-31 16:57:17",106.1176,55.075,117.8309,20182.907,0.0027925
"2025-04-01 16:50:54",106.0776,55.0751,117.7462,20182.894,0.002794
"2025-04-02 16:44:29",106.0375,55.0753,117.6784,20182.878,0.0027951
"2025-04-03 16:38:06",105.9973,55.0757,117.627,20182.864,0.0027962
"2025-04-04 19:56:30",105.9514,55.0761,117.5613,20182.84,0.0027967
"2025-04-05 19:50:05",105.9115,55.077,117.5315,20182.837,0.0027957
"2025-04-06 17:03:42",105.8759,55.0779,117.5239,20182.837,0.0027934
"2025-04-07 16:57:17",105.8362,55.079,117.4996,20182.834,0.0027922
"2025-04-08 16:50:54",105.7968,55.0801,117.4818,20182.833,0.0027918
"2025-04-09 16:44:29",105.7574,55.0812,117.4748,20182.828,0.0027925
"2025-04-10 16:38:06",105.7181,55.0819,117.4814,20182.823,0.0027942
"2025-04-11 19:56:30",105.6734,55.0829,117.477,20182.816,0.0027968
"2025-04-12 19:50:05",105.634,55.0832,117.5051,20182.806,0.0027981
"2025-04-13 17:03:42",105.5988,55.0834,117.5572,20182.796,0.0027968
"2025-04-14 16:57:17",105.5592,55.0837,117.5885,20182.788,0.0027965
"2025-04-15 16:50:54",105.5196,55.0837,117.6107,20182.775,0.0027957
"2025-04-16 16:44:29",105.4797,55.0837,117.6201,20182.766,0.002795
"2025-04-17 16:38:06",105.4398,55.0842,117.6167,20182.757,0.0027943
"2025-04-18 19:56:30",105.3943,55.0842,117.5871,20182.75,0.0027961
"2025-04-19 19:50:05",105.3543,55.085,117.5667,20182.748,0.0027976
"2025-04-20 17:03:42",105.3186,55.0857,117.5472,20182.751,0.0027983
"2025-04-21 16:57:17",105.2787,55.0866,117.5178,20182.752,0.0028
"2025-04-22 16:50:54",105.239,55.0879,117.4802,20182.762,0.0028011
"2025-04-23 16:44:29",105.1995,55.0892,117.429,20182.767,0.0028012
"2025-04-24 16:38:06",105.16,55.0902,117.3597,20182.77,0.0028008
"2025-04-25 19:56:30",105.1151,55.0908,117.2694,20182.773,0.0028024
"2025-04-26 19:50:05",105.0756,55.0915,117.167,20182.759,0.0028031
"2025-04-27 17:03:42",105.04,55.0917,117.0634,20182.738,0.0028027
"2025-04-28 16:57:17",105.0001,55.0918,116.9705,20182.723,0.0028051
"2025-04-29 16:50:54",104.9599,55.0919,116.8928,20182.706,0.0028081
"2025-04-30 16:44:29",104.9197,55.0921,116.8327,20182.698,0.0028112
"2025-05-01 16:38:06",104.8795,55.0925,116.7885,20182.683,0.0028133
"2025-05-02 19:56:30",104.834,55.0933,116.7586,20182.679,0.0028157
"2025-05-03 19:50:05",104.794,55.0944,116.7309,20182.675,0.0028161
"2025-05-04 17:03:42",104.7587,55.0954,116.6932,20182.664,0.0028154
"2025-05-07 16:44:29",104.6406,55.0982,116.6649,20182.656,0.002822
"2025-05-08 16:38:06",104.6013,55.0988,116.6819,20182.646,0.0028253
"2025-05-09 19:56:30",104.5566,55.099,116.7248,20182.647,0.0028297
"2025-05-10 19:50:05",104.5172,55.0994,116.7569,20182.64,0.0028318
"2025-05-11 17:03:42",104.4819,55.0998,116.7725,20182.621,0.0028317
"2025-05-12 16:57:17",104.4422,55.0998,116.7977,20182.613,0.0028324
"2025-05-13 16:50:54",104.4025,55.0999,116.8118,20182.604,0.0028327
"2025-05-14 16:44:29",104.3625,55.1,116.8131,20182.595,0.0028339
"2025-05-15 16:38:06",104.3226,55.1004,116.8039,20182.589,0.002836
"2025-05-16 19:56:30",104.2771,55.1004,116.8041,20182.585,0.0028402
"2025-05-17 19:50:05",104.2371,55.1012,116.7854,20182.59,0.0028435
"2025-05-18 17:03:42",104.2016,55.102,116.7442,20182.588,0.0028467
"2025-05-19 16:57:17",104.1619,55.1034,116.7144,20182.596,0.00285
"2025-05-20 16:50:54",104.1223,55.1044,116.6732,20182.601,0.0028522
"2025-05-21 16:44:29",104.0829,55.1053,116.6154,20182.604,0.0028538
"2025-05-22 16:38:06",104.0435,55.1061,116.5397,20182.605,0.002855
"2025-05-23 19:56:30",103.9985,55.1064,116.4802,20182.604,0.0028575
"2025-05-24 19:50:05",103.9588,55.1066,116.3828,20182.585,0.0028604
"2025-05-25 17:03:42",103.9233,55.1072,116.2688,20182.567,0.0028633
"2025-05-26 16:57:17",103.8831,55.1069,116.1922,20182.553,0.0028678
"2025-05-27 16:50:54",103.8429,55.1073,116.1338,20182.535,0.0028723
"2025-05-28 16:44:29",103.8026,55.1075,116.0927,20182.524,0.0028763
"2025-05-29 16:38:06",103.7625,55.1081,116.0648,20182.519,0.0028789
"2025-05-30 19:56:30",103.7169,55.1089,116.068,20182.517,0.002882
"2025-05-31 19:50:05",103.6771,55.1102,116.0527,20182.511,0.0028838
"2025-06-01 17:03:42",103.642,55.1111,116.0213,20182.51,0.0028863
"2025-06-02 16:57:17",103.6026,55.1119,116.0182,20182.504,0.0028896
"2025-06-03 16:50:54",103.5632,55.1126,116.0269,20182.5,0.0028938
"2025-06-04 16:44:29",103.5239,55.1132,116.0489,20182.492,0.0028986
"2025-06-05 16:38:06",103.4846,55.114,116.0825,20182.483,0.0029029
"2025-06-06 19:56:30",103.4396,55.1138,116.1532,20182.471,0.002907
"2025-06-07 19:50:05",103.4001,55.1139,116.1917,20182.46,0.0029097
"2025-06-08 17:03:42",103.365,55.1143,116.2006,20182.456,0.0029114
"2025-06-09 16:57:17",103.3253,55.1144,116.2236,20182.448,0.0029131
"2025-06-10 16:50:54",103.2854,55.1145,116.2357,20182.443,0.0029153
"2025-06-11 16:44:29",103.2454,55.1148,116.2391,20182.43,0.0029179
"2025-06-12 16:38:06",103.2054,55.115,116.2367,20182.428,0.002922
"2025-06-13 19:56:30",103.1597,55.1154,116.2565,20182.42,0.0029271
"2025-06-14 19:50:05",103.1198,55.1161,116.2498,20182.42,0.0029323
"2025-06-15 17:03:42",103.0843,55.117,116.2181,20182.432,0.0029366
"2025-06-16 16:57:17",103.0447,55.1181,116.1955,20182.44,0.0029408
"2025-06-17 16:50:54",103.0052,55.1192,116.1567,20182.448,0.0029436
"2025-06-18 16:44:29",102.9659,55.12,116.0986,20182.449,0.0029458
"2025-06-19 16:38:06",102.9265,55.1207,116.0241,20182.445,0.0029486
"2025-06-20 19:56:30",102.8811,55.1207,115.9763,20182.425,0.0029518
"2025-06-21 19:50:05",102.8412,55.1205,115.8967,20182.402,0.0029568
"2025-06-22 17:03:42",102.8058,55.1208,115.8023,20182.399,0.0029618
"2025-06-23 16:57:17",102.7656,55.1208,115.7541,20182.382,0.0029672
"2025-06-24 16:50:54",102.7253,55.1212,115.7242,20182.372,0.0029721
"2025-06-25 16:44:29",102.685,55.1217,115.7081,20182.366,0.0029765
"2025-06-26 16:38:06",102.6449,55.1223,115.7012,20182.357,0.0029795
"2025-06-27 19:56:30",102.5996,55.1236,115.7207,20182.35,0.0029823
"2025-06-28 19:50:05",102.56,55.1246,115.7234,20182.351,0.0029851
"2025-06-29 17:03:42",102.5247,55.1254,115.7142,20182.349,0.0029899
"2025-06-30 16:57:17",102.4853,55.1263,115.7341,20182.341,0.0029946
"2025-07-01 16:50:54",102.4459,55.1271,115.7664,20182.332,0.0030003
"2025-07-02 16:44:29",102.4066,55.1274,115.8106,20182.326,0.0030052
"2025-07-03 16:38:06",102.3672,55.1278,115.8612,20182.316,0.0030101
"2025-07-04 19:56:30",102.3221,55.1279,115.9369,20182.297,0.0030129
"2025-07-05 19:50:05",102.2825,55.1283,115.9836,20182.288,0.0030156
"2025-07-06 17:03:42",102.2471,55.1283,116.0014,20182.287,0.0030191
"2025-07-07 16:57:17",102.2072,55.1283,116.0274,20182.278,0.0030212
"2025-07-08 16:50:54",102.1673,55.1285,116.0442,20182.271,0.0030247
"2025-07-09 16:44:29",102.1272,55.1285,116.0563,20182.263,0.0030287
"2025-07-10 16:38:06",102.0871,55.1292,116.0664,20182.264,0.003034
"2025-07-11 19:56:30",102.0416,55.13,116.0885,20182.263,0.0030383
"2025-07-12 19:50:05",102.0017,55.1309,116.0944,20182.264,0.0030429
"2025-07-13 17:03:42",101.9662,55.1318,116.0855,20182.265,0.0030486
"2025-07-14 16:57:17",101.9266,55.1329,116.0681,20182.274,0.0030518
"2025-07-15 16:50:54",101.8872,55.1338,116.032,20182.278,0.0030545
"2025-07-16 16:44:29",101.8479,55.1347,115.978,20182.281,0.0030577
"2025-07-17 16:38:06",101.8084,55.1351,115.9136,20182.273,0.0030615
"2025-07-19 19:50:05",101.7231,55.1351,115.8091,20182.236,0.0030703
"2025-07-20 17:03:42",101.6872,55.1348,115.7665,20182.222,0.0030775
"2025-07-21 16:57:17",101.6469,55.1352,115.7483,20182.206,0.0030824
"2025-07-22 16:50:54",101.6066,55.1358,115.7454,20182.196,0.0030867
"2025-07-23 16:44:29",101.5665,55.1367,115.7524,20182.193,0.00309
"2025-07-24 16:38:06",101.5265,55.1377,115.7648,20182.188,0.0030927
"2025-07-25 19:56:30",101.4813,55.1388,115.7779,20182.194,0.0030946
"2025-07-26 19:50:05",101.4418,55.1398,115.7993,20182.191,0.0030981
"2025-07-27 17:03:42",101.4068,55.1407,115.8388,20182.177,0.0031039
"2025-07-28 16:57:17",101.3674,55.1417,115.8814,20182.171,0.0031091
"2025-07-29 16:50:54",101.328,55.1422,115.9354,20182.158,0.0031148
"2025-07-30 16:44:29",101.2886,55.1424,115.9981,20182.152,0.0031197
"2025-07-31 16:38:06",101.249,55.1427,116.0635,20182.139,0.0031237
"2025-08-01 19:56:30",101.204,55.1428,116.1194,20182.133,0.0031254
"2025-08-02 19:50:05",101.1642,55.1429,116.1744,20182.124,0.0031281
"2025-08-03 17:03:42",101.1286,55.1431,116.2269,20182.111,0.0031317
"2025-08-04 16:57:17",101.0886,55.1433,116.2602,20182.105,0.0031348
"2025-08-05 16:50:54",101.0486,55.1438,116.2871,20182.101,0.0031387
"2025-08-06 16:44:29",101.0085,55.1443,116.3109,20182.099,0.0031435
"2025-08-07 16:38:06",100.9684,55.1449,116.3337,20182.095,0.0031486
"2025-08-08 19:56:30",100.9228,55.1461,116.3391,20182.106,0.0031521
"2025-08-09 19:50:05",100.8829,55.1469,116.3499,20182.111,0.0031565
"2025-08-10 17:03:42",100.8478,55.1478,116.3681,20182.107,0.0031603
"2025-08-11 16:57:17",100.8083,55.1491,116.3519,20182.108,0.0031633
"2025-08-12 16:50:54",100.7689,55.1498,116.3193,20182.112,0.0031659
"2025-08-13 16:44:29",100.7295,55.1504,116.2749,20182.108,0.0031697
"2025-08-14 16:38:06",100.6898,55.1508,116.228,20182.102,0.003174
"2025-08-15 19:56:30",100.6444,55.1509,116.1706,20182.087,0.003178
"2025-08-16 19:50:05",100.6043,55.1508,116.1482,20182.07,0.003184
"2025-08-17 17:03:42",100.5684,55.1511,116.1552,20182.055,0.0031898
"2025-08-18 16:57:17",100.528,55.1517,116.1622,20182.045,0.0031941
"2025-08-19 16:50:54",100.4878,55.1524,116.1794,20182.037,0.0031969
"2025-08-20 16:44:29",100.4479,55.1533,116.2024,20182.031,0.0031991
"2025-08-21 16:38:06",100.4082,55.1546,116.2295,20182.029,0.0032012
"2025-08-22 19:56:30",100.3629,55.1561,116.238,20182.038,0.0032034
"2025-08-23 19:50:05",100.3235,55.1572,116.2773,20182.031,0.0032074
"2025-08-24 17:03:42",100.2886,55.1577,116.3502,20182.018,0.0032124
"2025-08-25 16:57:17",100.2493,55.1584,116.4148,20182.01,0.0032171
"2025-08-26 16:50:54",100.2099,55.1588,116.4884,20181.998,0.0032219
"2025-08-27 16:44:29",100.1704,55.1593,116.5658,20181.987,0.0032258
"2025-08-28 16:38:06",100.1307,55.1596,116.6411,20181.98,0.0032284
"2025-08-29 19:56:30",100.0854,55.1596,116.6838,20181.964,0.0032298
"2025-08-30 19:50:05",100.0455,55.1595,116.7429,20181.953,0.0032314
"2025-08-31 17:03:42",100.0101,55.1601,116.8083,20181.952,0.0032341
"2025-09-01 16:57:17",99.9701,55.1604,116.847,20181.946,0.0032371
"2025-09-02 16:50:54",99.93,55.161,116.8814,20181.946,0.0032404
"2025-09-03 16:44:29",99.89,55.1618,116.9136,20181.942,0.0032446
"2025-09-04 16:38:06",99.85,55.1627,116.9435,20181.946,0.0032486
"2025-09-05 19:56:30",99.8046,55.164,116.9412,20181.95,0.0032519
"2025-09-06 19:50:05",99.7649,55.1652,116.9513,20181.952,0.0032543
"2025-09-07 17:03:42",99.7296,55.1662,116.9709,20181.956,0.0032563
"2025-09-08 16:57:17",99.6901,55.1672,116.9522,20181.961,0.0032578
"2025-09-09 16:50:54",99.6508,55.168,116.9221,20181.96,0.0032599
"2025-09-10 16:44:29",99.6112,55.1683,116.8884,20181.952,0.0032632
"2025-09-11 16:38:06",99.5715,55.1688,116.8602,20181.942,0.0032672
"2025-09-12 19:56:30",99.5258,55.1685,116.8138,20181.917,0.0032718
"2025-09-13 19:50:05",99.4856,55.1688,116.8159,20181.9,0.0032758
"2025-09-14 17:03:42",99.4498,55.1692,116.8526,20181.899,0.0032795
"2025-09-15 16:57:17",99.4096,55.17,116.8751,20181.889,0.0032814
"2025-09-16 16:50:54",99.3696,55.1712,116.9026,20181.887,0.0032827
"2025-09-17 16:44:29",99.3297,55.1721,116.9342,20181.881,0.0032834
"2025-09-18 16:38:06",99.2901,55.1736,116.9711,20181.879,0.003285
"2025-09-19 19:56:30",99.2454,55.1752,116.9897,20181.873,0.0032879
"2025-09-20 19:50:05",99.2061,55.1762,117.0457,20181.867,0.003291
"2025-09-21 17:03:42",99.1709,55.1764,117.1398,20181.866,0.0032936
"2025-09-22 16:57:17",99.1316,55.177,117.221,20181.856,0.0032969
"2025-09-23 16:50:54",99.0922,55.1775,117.3076,20181.843,0.0032999
"2025-09-24 16:44:29",99.0526,55.1775,117.3934,20181.832,0.0033015
"2025-09-25 16:38:06",99.013,55.1777,117.4725,20181.821,0.0033023
"2025-09-26 19:56:30",98.9675,55.1779,117.5148,20181.798,0.0033032
"2025-09-27 19:50:05",98.9277,55.1782,117.5729,20181.791,0.0033039
"2025-09-28 17:03:42",98.8921,55.1787,117.6408,20181.796,0.0033044
"2025-09-29 16:57:17",98.8522,55.1794,117.682,20181.793,0.0033069
"2025-09-30 16:50:54",98.8122,55.18,117.7204,20181.789,0.0033094
"2025-10-01 16:44:29",98.7722,55.1809,117.7565,20181.793,0.0033121
"2025-10-02 16:38:06",98.7324,55.1821,117.7883,20181.795,0.0033142
"2025-10-04 19:50:05",98.6478,55.1844,117.7998,20181.808,0.0033176
"2025-10-05 17:03:42",98.6125,55.1854,117.8036,20181.807,0.0033159
"2025-10-06 16:57:17",98.573,55.1865,117.7819,20181.802,0.0033165
"2025-10-07 16:50:54",98.5335,55.187,117.7545,20181.801,0.0033174
"2025-10-08 16:44:29",98.4939,55.1873,117.7292,20181.792,0.0033198
"2025-10-09 16:38:06",98.454,55.1874,117.7144,20181.777,0.0033224
"2025-10-10 19:56:30",98.4083,55.1875,117.6968,20181.761,0.0033265
"2025-10-11 19:50:05",98.368,55.188,117.7125,20181.749,0.0033281
"2025-10-12 17:03:42",98.332,55.1886,117.7465,20181.74,0.0033276
"2025-10-13 16:57:17",98.2919,55.1896,117.7781,20181.733,0.0033277
"2025-10-14 16:50:54",98.2521,55.1907,117.8132,20181.726,0.0033271
"2025-10-15 16:44:29",98.2124,55.192,117.8521,20181.726,0.0033269
"2025-10-16 16:38:06",98.173,55.1932,117.8985,20181.723,0.0033272
"2025-10-17 19:56:30",98.1283,55.1943,117.9527,20181.729,0.0033305
"2025-10-18 19:50:05",98.0891,55.1951,118.021,20181.717,0.0033319
"2025-10-19 17:03:42",98.054,55.1957,118.099,20181.702,0.0033323
"2025-10-20 16:57:17",98.0146,55.196,118.1879,20181.695,0.0033329
"2025-10-21 16:50:54",97.9751,55.1963,118.2776,20181.685,0.0033331
"2025-10-22 16:44:29",97.9355,55.1965,118.3626,20181.674,0.003332
"2025-10-23 16:38:06",97.8958,55.1967,118.4375,20181.661,0.003331
"2025-10-24 19:56:30",97.8506,55.1966,118.5011,20181.654,0.0033315
"2025-10-25 19:50:05",97.8107,55.197,118.5537,20181.649,0.0033308
"2025-10-26 17:03:42",97.7749,55.1976,118.5919,20181.638,0.0033299
"2025-10-27 16:57:17",97.735,55.1982,118.6318,20181.634,0.0033311
"2025-10-28 16:50:54",97.6951,55.1992,118.6693,20181.637,0.0033321
"2025-10-29 16:44:29",97.6554,55.2002,118.7033,20181.643,0.003333
"2025-10-30 16:38:06",97.6157,55.2012,118.7305,20181.649,0.0033329
"2025-10-31 19:56:30",97.5707,55.2024,118.7606,20181.667,0.0033336
"2025-11-01 19:50:05",97.5313,55.2036,118.7595,20181.67,0.0033321
"2025-11-02 17:03:42",97.4962,55.2045,118.7255,20181.653,0.0033288
"2025-11-03 16:57:17",97.4567,55.205,118.6985,20181.649,0.0033278
"2025-11-04 16:50:54",97.417,55.2055,118.6694,20181.642,0.0033278
"2025-11-05 16:44:29",97.3771,55.2056,118.6473,20181.627,0.0033285
"2025-11-06 16:38:06",97.337,55.2058,118.6383,20181.619,0.0033293
"2025-11-07 19:56:30",97.2913,55.2057,118.657,20181.607,0.0033311
"2025-11-08 19:50:05",97.251,55.2064,118.6777,20181.601,0.0033304
"2025-11-09 17:03:42",97.215,55.2075,118.6943,20181.593,0.0033279
"2025-11-10 16:57:17",97.1751,55.2084,118.729,20181.585,0.0033261
"2025-11-12 16:44:29",97.0959,55.2108,118.8109,20181.579,0.0033227
"2025-11-13 16:38:06",97.0566,55.212,118.8634,20181.573,0.0033222
"2025-11-14 19:56:30",97.0118,55.2128,118.9504,20181.577,0.0033236
"2025-11-15 19:50:05",96.9726,55.2132,119.0254,20181.569,0.0033233
"2025-11-16 17:03:42",96.9376,55.214,119.0891,20181.556,0.0033223
"2025-11-17 16:57:17",96.8981,55.2143,119.1748,20181.542,0.0033207
"2025-11-18 16:50:54",96.8585,55.2144,119.2569,20181.532,0.0033182
"2025-11-19 16:44:29",96.8189,55.2145,119.3306,20181.52,0.0033152
"2025-11-20 16:38:06",96.7791,55.2145,119.3932,20181.509,0.0033123
"2025-11-21 19:56:30",96.7336,55.2142,119.4645,20181.498,0.0033108
"2025-11-22 19:50:05",96.6936,55.2149,119.5076,20181.495,0.0033092
"2025-11-23 17:03:42",96.6581,55.2157,119.531,20181.495,0.003308
"2025-11-24 16:57:17",96.6182,55.2165,119.5669,20181.497,0.0033078
"2025-11-25 16:50:54",96.5785,55.2173,119.5998,20181.497,0.0033075
"2025-11-26 16:44:29",96.5388,55.2186,119.6268,20181.502,0.0033065
"2025-11-27 16:38:06",96.4993,55.2194,119.6429,20181.508,0.0033046
"2025-11-28 19:56:30",96.4543,55.2206,119.6722,20181.519,0.0033015
"2025-11-29 19:50:05",96.4149,55.2214,119.6564,20181.517,0.0032982
"2025-11-30 17:03:42",96.38,55.2219,119.602,20181.517,0.003295
"2025-12-01 16:57:17",96.3404,55.2222,119.5652,20181.505,0.0032927
"2025-12-02 16:50:54",96.3005,55.2224,119.5321,20181.492,0.0032915
"2025-12-03 16:44:29",96.2604,55.2225,119.5106,20181.482,0.0032908
"2025-12-04 16:38:06",96.2202,55.2231,119.5049,20181.467,0.0032897
"2025-12-05 19:56:30",96.174,55.2231,119.5382,20181.452,0.0032887
"2025-12-06 19:50:05",96.1338,55.2241,119.5583,20181.446,0.003286
"2025-12-07 17:03:42",96.0982,55.2249,119.568,20181.45,0.0032826
"2025-12-08 16:57:17",96.0584,55.226,119.6009,20181.447,0.0032794
"2025-12-09 16:50:54",96.0187,55.2273,119.6382,20181.445,0.0032765
"2025-12-10 16:44:29",95.9793,55.2283,119.683,20181.435,0.0032742
"2025-12-11 16:38:06",95.94,55.2293,119.7376,20181.429,0.0032732
"2025-12-12 19:56:30",95.8951,55.2299,119.8311,20181.416,0.0032717
"2025-12-13 19:50:05",95.8557,55.2304,119.9055,20181.407,0.0032701
"2025-12-14 17:03:42",95.8208,55.2307,119.9588,20181.403,0.0032677
"2025-12-15 16:57:17",95.7813,55.2308,120.0322,20181.395,0.0032642
"2025-12-16 16:50:54",95.7416,55.2309,120.097,20181.384,0.0032603
"2025-12-17 16:44:29",95.7018,55.231,120.1509,20181.374,0.0032564
"2025-12-18 16:38:06",95.6619,55.2315,120.1943,20181.366,0.0032525
"2025-12-19 19:56:30",95.6163,55.2316,120.2509,20181.35,0.0032498
"2025-12-20 19:50:05",95.5763,55.2321,120.2802,20181.345,0.0032477
"2025-12-21 17:03:42",95.5408,55.2328,120.2901,20181.346,0.0032467
"2025-12-22 16:57:17",95.5009,55.2336,120.316,20181.347,0.0032454
"2025-12-23 16:50:54",95.4612,55.2346,120.3372,20181.355,0.003243
"2025-12-24 16:44:29",95.4216,55.2355,120.3481,20181.359,0.0032406
"2025-12-25 16:38:06",95.3822,55.2365,120.3438,20181.367,0.0032366
"2025-12-26 19:56:30",95.3374,55.2376,120.3417,20181.37,0.0032317
"2025-12-27 19:50:05",95.298,55.2384,120.304,20181.369,0.0032279
"2025-12-28 17:03:42",95.2627,55.2387,120.2369,20181.36,0.0032256
"2025-12-29 16:57:17",95.223,55.2386,120.1867,20181.346,0.0032238
"2025-12-30 16:50:54",95.1829,55.2388,120.1467,20181.331,0.0032221
"2025-12-31 16:44:29",95.1427,55.2389,120.1226,20181.318,0.0032204
"2026-01-01 16:38:06",95.1023,55.2394,120.1153,20181.312,0.0032182
"2026-01-02 19:56:30",95.0564,55.2401,120.1366,20181.299,0.0032147
"2026-01-03 19:50:05",95.0163,55.241,120.1501,20181.298,0.0032109
"2026-01-04 17:03:42",94.9806,55.242,120.1616,20181.295,0.003208
"2026-01-05 16:57:17",94.9409,55.2433,120.1854,20181.294,0.0032041
"2026-01-06 16:50:54",94.9014,55.2444,120.2148,20181.287,0.0032016
"2026-01-07 16:44:29",94.862,55.2456,120.2537,20181.28,0.0031996
"2026-01-08 16:38:06",94.8227,55.246,120.3039,20181.272,0.0031982
"2026-01-09 19:56:30",94.7778,55.2468,120.372,20181.263,0.0031954
"2026-01-10 19:50:05",94.7384,55.247,120.438,20181.253,0.0031932
"2026-01-11 17:03:42",94.703,55.2473,120.4981,20181.233,0.003191
"2026-01-13 16:50:54",94.6235,55.2474,120.5956,20181.216,0.0031829
"2026-01-14 16:44:29",94.5836,55.2476,120.6267,20181.205,0.0031794
"2026-01-15 16:38:06",94.5436,55.2479,120.6483,20181.198,0.0031762
"2026-01-16 19:56:30",94.4981,55.2483,120.6659,20181.201,0.0031729
"2026-01-18 17:03:42",94.4225,55.2498,120.6943,20181.187,0.0031704
"2026-01-19 16:57:17",94.3827,55.2508,120.702,20181.191,0.0031683
"2026-01-20 16:50:54",94.343,55.2519,120.7013,20181.194,0.0031657
"2026-01-21 16:44:29",94.3035,55.253,120.6867,20181.198,0.0031621
"2026-01-22 16:38:06",94.2641,55.2538,120.6543,20181.203,0.003158
"2026-01-23 19:56:30",94.2193,55.2548,120.5938,20181.216,0.0031528
"2026-01-24 19:50:05",94.1798,55.2551,120.5344,20181.213,0.0031493
"2026-01-25 17:03:42",94.1444,55.2554,120.4822,20181.194,0.0031487
"2026-01-26 16:57:17",94.1044,55.2557,120.4242,20181.181,0.0031474
"2026-01-27 16:50:54",94.0642,55.2559,120.3807,20181.162,0.0031461
"2026-01-28 16:44:29",94.0238,55.256,120.3538,20181.15,0.0031443
"2026-01-29 16:38:06",93.9835,55.2568,120.3416,20181.142,0.0031414
"2026-01-30 19:56:30",93.9377,55.258,120.3286,20181.149,0.0031364
"2026-01-31 19:50:05",93.8976,55.2593,120.3302,20181.151,0.0031324
"2026-02-01 17:03:42",93.8624,55.2602,120.3518,20181.14,0.003129
"2026-02-02 16:57:17",93.8229,55.2613,120.3647,20181.134,0.0031263
"2026-02-03 16:50:54",93.7835,55.2622,120.3867,20181.126,0.0031241
"2026-02-04 16:44:29",93.7441,55.2631,120.4201,20181.118,0.003123
"2026-02-05 16:38:06",93.7046,55.2637,120.4644,20181.104,0.003122
"2026-02-06 19:56:30",93.6595,55.264,120.4954,20181.096,0.0031188
"2026-02-07 19:50:05",93.6199,55.2642,120.5488,20181.082,0.0031161
"2026-02-08 17:03:42",93.5846,55.2646,120.9235,20183.389,0.0031995
"2026-02-10 16:50:54",93.5049,55.2654,120.9766,20183.37,0.0031917
"2026-02-11 16:44:29",93.4649,55.2657,120.9852,20183.362,0.003189
"2026-02-12 16:38:06",93.425,55.2661,120.986,20183.359,0.0031871
"2026-02-13 19:56:30",93.3794,55.2669,120.9657,20183.355,0.0031848
"2026-02-14 19:50:05",93.3394,55.2677,120.9592,20183.358,0.0031836
"2026-02-15 17:03:42",93.304,55.2684,120.9655,20183.357,0.0031828
"2026-02-16 16:57:17",93.2642,55.2697,120.9494,20183.357,0.0031809
"2026-02-17 16:50:54",93.2247,55.2708,120.9209,20183.36,0.003178
"2026-02-18 16:44:29",93.1853,55.2718,120.8763,20183.362,0.0031742
"2026-02-20 19:56:30",93.1009,55.2735,120.7098,20183.366,0.0031679
"2026-02-21 19:50:05",93.0613,55.2737,120.634,20183.355,0.0031662
"2026-02-22 17:03:42",93.026,55.2742,120.5864,20183.349,0.0031664
"2026-02-23 16:57:17",92.986,55.2742,120.5267,20183.338,0.0031665
"2026-02-24 16:50:54",92.9457,55.2747,120.4823,20183.325,0.0031656
"2026-02-25 16:44:29",92.9054,55.2754,120.451,20183.313,0.0031642
"2026-02-26 16:38:06",92.8651,55.2762,120.4288,20183.306,0.0031616
"2026-02-27 19:56:30",92.8196,55.2776,120.3882,20183.3,0.0031581
"2026-02-28 19:50:05",92.7799,55.2791,120.3743,20183.304,0.0031549
"2026-03-01 17:03:42",92.7446,55.2801,120.3888,20183.307,0.0031526
"2026-03-02 16:57:17",92.7052,55.2811,120.3925,20183.301,0.0031517
"2026-03-03 16:50:54",92.6659,55.2821,120.4094,20183.291,0.0031514
"2026-03-04 16:44:29",92.6266,55.2827,120.439,20183.277,0.0031512
"2026-03-05 16:38:06",92.5871,55.2831,120.4769,20183.262,0.0031511
"2026-03-06 19:56:30",92.5419,55.2834,120.4842,20183.238,0.00315
"2026-03-07 19:50:05",92.5022,55.2838,120.5202,20183.227,0.0031477
"2026-03-08 17:03:42",92.467,55.284,120.5697,20183.225,0.0031456
"2026-03-09 16:57:17",92.4272,55.2842,120.5793,20183.217,0.0031434
"2026-03-10 16:50:54",92.3873,55.2849,120.5763,20183.208,0.0031416
"2026-03-11 16:44:29",92.3474,55.2853,120.5639,20183.201,0.0031407
"2026-03-12 16:38:06",92.3075,55.2859,120.5465,20183.197,0.0031406
"2026-03-13 19:56:30",92.2621,55.287,120.5028,20183.19,0.0031411
"2026-03-14 19:50:05",92.2223,55.2882,120.4797,20183.193,0.0031413
"2026-03-15 17:03:42",92.1868,55.2891,120.4714,20183.199,0.0031405
"2026-03-16 16:57:17",92.1472,55.2902,120.4312,20183.2,0.0031394
"2026-03-17 16:50:54",92.1078,55.2914,120.3755,20183.203,0.0031374
"2026-03-18 16:44:29",92.0685,55.2925,120.3031,20183.207,0.0031355
"2026-03-19 16:38:06",92.0291,55.2931,120.2181,20183.204,0.0031342
"2026-03-20 19:56:30",91.9841,55.2939,120.0964,20183.194,0.0031347
"2026-03-21 19:50:05",91.9444,55.2942,120.0112,20183.187,0.0031355
"2026-03-22 17:03:42",91.9089,55.2944,119.9644,20183.181,0.0031358
"2026-03-23 16:57:17",91.8688,55.2946,119.9069,20183.171,0.0031369
"2026-03-24 16:50:54",91.8286,55.2952,119.8628,20183.16,0.0031375
"2026-03-25 16:44:29",91.7883,55.296,119.8282,20183.153,0.0031366
"2026-03-26 16:38:06",91.7483,55.2969,119.7985,20183.148,0.0031355
"2026-03-27 19:56:30",91.7031,55.2984,119.7554,20183.144,0.0031348
"2026-03-28 19:50:05",91.6636,55.2998,119.7344,20183.141,0.0031344
"2026-03-29 17:03:42",91.6285,55.3011,119.7373,20183.138,0.0031333
"2026-03-30 16:57:17",91.5892,55.3022,119.742,20183.131,0.0031344
"2026-03-31 16:50:54",91.55,55.3026,119.7615,20183.119,0.0031356
"2026-04-01 16:44:29",91.5107,55.3033,119.792,20183.107,0.003137
"2026-04-02 16:38:06",91.4712,55.3034,119.827,20183.093,0.0031376
"2026-04-03 19:56:30",91.4261,55.3039,119.8405,20183.074,0.0031387
"2026-04-04 19:50:05",91.3864,55.3041,119.8618,20183.061,0.0031379
"2026-04-05 17:03:42",91.3509,55.3042,119.8799,20183.052,0.0031359
"2026-04-06 16:57:17",91.3111,55.3047,119.8746,20183.045,0.0031357
"2026-04-07 16:50:54",91.2712,55.3053,119.8584,20183.036,0.0031363
"2026-04-08 16:44:29",91.2314,55.3058,119.8359,20183.033,0.0031378
"2026-04-09 16:38:06",91.1916,55.3068,119.8102,20183.034,0.0031402
"2026-04-10 19:56:30",91.1465,55.3078,119.78,20183.035,0.0031437
"2026-04-11 19:50:05",91.1069,55.3089,119.7485,20183.043,0.0031454
"2026-04-12 17:03:42",91.0717,55.3101,119.7036,20183.036,0.0031448
"2026-04-13 16:57:17",91.0323,55.3113,119.6484,20183.036,0.0031448
"2026-04-14 16:50:54",90.993,55.3121,119.5769,20183.042,0.0031444
"2026-04-15 16:44:29",90.9536,55.3128,119.4906,20183.038,0.003145
"2026-04-16 16:38:06",90.9142,55.3134,119.3974,20183.037,0.0031458
"2026-04-17 19:56:30",90.8693,55.3136,119.3058,20183.034,0.00315
"2026-04-18 19:50:05",90.8295,55.3138,119.2229,20183.021,0.0031524
"2026-04-19 17:03:42",90.7935,55.3145,119.1515,20183.009,0.0031541
"2026-04-20 16:57:17",90.7533,55.3149,119.1013,20182.999,0.0031563
"2026-04-21 16:50:54",90.713,55.3157,119.0633,20182.99,0.0031574
"2026-04-22 16:44:29",90.6729,55.3166,119.0324,20182.984,0.0031585
"2026-04-23 16:38:06",90.6331,55.3177,119.0063,20182.98,0.0031588
"2026-04-24 19:56:30",90.588,55.3191,118.9986,20182.988,0.0031609
"2026-04-25 19:50:05",90.5487,55.3202,118.986,20182.986,0.0031631
"2026-04-26 17:03:42",90.5139,55.3214,118.97,20182.968,0.0031643
"2026-04-27 16:57:17",90.4747,55.322,118.9846,20182.964,0.0031675
"2026-04-28 16:50:54",90.4355,55.3227,119.0118,20182.948,0.0031703
"2026-04-29 16:44:29",90.3961,55.3229,119.0457,20182.937,0.0031723
"2026-04-30 16:38:06",90.3566,55.323,119.0783,20182.923,0.003174
"2026-05-01 19:56:30",90.3116,55.3228,119.1169,20182.907,0.0031762
"2026-05-02 19:50:05",90.2718,55.323,119.1288,20182.896,0.003177
"2026-05-03 17:03:42",90.2362,55.3237,119.1155,20182.885,0.0031774
"2026-05-04 16:57:17",90.1963,55.3243,119.1052,20182.878,0.0031796
"2026-05-05 16:50:54",90.1566,55.3248,119.0881,20182.876,0.0031827
"2026-05-06 16:44:29",90.1168,55.3254,119.0676,20182.872,0.0031866
"2026-05-07 16:38:06",90.0771,55.3264,119.0458,20182.873,0.0031904
"2026-05-08 19:56:30",90.032,55.3276,119.0414,20182.881,0.003195
"2026-05-09 19:50:05",89.9925,55.3283,119.0109,20182.885,0.0031977
"2026-05-10 17:03:42",89.9576,55.3294,118.9475,20182.882,0.0031994
"2026-05-11 16:57:17",89.9183,55.3303,118.8873,20182.883,0.0032006
"2026-05-12 16:50:54",89.879,55.3312,118.8115,20182.883,0.0032024
"2026-05-13 16:44:29",89.8396,55.3317,118.7258,20182.879,0.0032046
"2026-05-14 16:38:06",89.8001,55.3321,118.6393,20182.87,0.003208
"2026-05-15 19:56:30",89.7547,55.3318,118.5841,20182.861,0.0032136
"2026-05-16 19:50:05",89.7147,55.332,118.5181,20182.848,0.0032177
"2026-05-17 17:03:42",89.6789,55.3328,118.4521,20182.846,0.003221
"2026-05-18 16:57:17",89.6387,55.3335,118.4184,20182.84,0.0032242
"2026-05-19 16:50:54",89.5984,55.3343,118.3953,20182.837,0.0032263
"2026-05-20 16:44:29",89.5584,55.3353,118.3784,20182.832,0.0032287
"2026-05-21 16:38:06",89.5187,55.3366,118.3676,20182.824,0.0032306
"2026-05-22 19:56:30",89.4737,55.3381,118.3897,20182.823,0.0032342
"2026-05-23 19:50:05",89.4344,55.3389,118.3981,20182.818,0.0032384
"2026-05-24 17:03:42",89.3996,55.3398,118.3981,20182.809,0.0032424
"2026-05-25 16:57:17",89.3604,55.3402,118.4307,20182.802,0.0032468
"2026-05-26 16:50:54",89.3211,55.3406,118.4702,20182.789,0.0032503
"2026-05-27 16:44:29",89.2817,55.3408,118.5097,20182.772,0.003253
"2026-05-28 16:38:06",89.2421,55.3408,118.5427,20182.76,0.0032552
"2026-05-29 19:56:30",89.1966,55.3406,118.5895,20182.739,0.0032581
"2026-05-30 19:50:05",89.1568,55.3409,118.5996,20182.724,0.0032603
"2026-05-31 17:03:42",89.1216,55.3415,118.5829,20182.73,0.0032632
"2026-06-01 16:57:17",89.0817,55.3419,118.5793,20182.726,0.0032672
"2026-06-02 16:50:54",89.0419,55.3426,118.5734,20182.718,0.0032722
"2026-06-03 16:44:29",89.0022,55.3436,118.5668,20182.715,0.003277
"2026-06-05 19:56:30",88.9175,55.3456,118.5659,20182.718,0.0032863
"2026-06-06 19:50:05",88.8782,55.3466,118.5415,20182.725,0.0032895
"2026-06-07 17:03:42",88.8432,55.3476,118.4804,20182.731,0.0032925
"2026-06-08 16:57:17",88.8039,55.3482,118.4226,20182.729,0.0032953
"2026-06-09 16:50:54",88.7646,55.3489,118.3524,20182.727,0.0032986
"2026-06-10 16:44:29",88.7252,55.349,118.2783,20182.721,0.0033029
"2026-06-11 16:38:06",88.6855,55.3492,118.2104,20182.713,0.0033079
"2026-06-12 19:56:30",88.6396,55.3492,118.1826,20182.685,0.0033128
"2026-06-13 19:50:05",88.5994,55.3495,118.1432,20182.677,0.0033179
"2026-06-14 17:03:42",88.5637,55.3501,118.0991,20182.684,0.0033222
"2026-06-15 16:57:17",88.5235,55.3508,118.0876,20182.68,0.0033257
"2026-06-16 16:50:54",88.4833,55.3521,118.0844,20182.675,0.0033286
"2026-06-17 16:44:29",88.4435,55.3535,118.087,20182.671,0.0033318
"2026-06-18 16:38:06",88.4038,55.3545,118.097,20182.668,0.003335
"2026-06-19 19:56:30",88.359,55.3558,118.1361,20182.66,0.0033388
"2026-06-20 19:50:05",88.3198,55.3568,118.1701,20182.652,0.0033435
"2026-06-21 17:03:42",88.2847,55.3571,118.1985,20182.642,0.0033498
"2026-06-22 16:57:17",88.2454,55.3574,118.2501,20182.627,0.0033542